file,country,genus,species,fullName,accesionNumber,view,project
NZAC04190927_Urophora_cardui_wing_dorsal_right.jpg,New Zealand,Urophora,cardui,Urophora cardui,NZAC04190927,wing,B3
NZAC04191108_Urophora_solstitialis_wing_dorsal_right.jpg,New Zealand,Urophora,solstitialis,Urophora solstitialis,NZAC04191108,wing,B3
NZAC04191425_Urophora_cardui_wing_dorsal_left.jpg,New Zealand,Urophora,cardui,Urophora cardui,NZAC04191425,wing,B3
NZAC04191513_Urophora_cardui_wing_dorsal_left.jpg,New Zealand,Urophora,cardui,Urophora cardui,NZAC04191513,wing,B3
NZAC04191592_Urophora_solstitialis_wing_dorsal_left.jpg,New Zealand,Urophora,solstitialis,Urophora solstitialis,NZAC04191592,wing,B3
NZAC04191710_Urophora_solstitialis_wing_dorsal_left.jpg,New Zealand,Urophora,solstitialis,Urophora solstitialis,NZAC04191710,wing,B3
NZAC04191781_Urophora_stylata_wing_dorsal_left.jpg,New Zealand,Urophora,stylata,Urophora stylata,NZAC04191781,wing,B3
NZAC04192319_Urophora_stylata_wing_dorsal_right.jpg,New Zealand,Urophora,stylata,Urophora stylata,NZAC04192319,wing,B3
NZAC04192625_Urophora_solstitialis_wing_dorsal_left.jpg,New Zealand,Urophora,solstitialis,Urophora solstitialis,NZAC04192625,wing,B3
NZAC04193205_Urophora_stylata_wing_dorsal_left.jpg,New Zealand,Urophora,stylata,Urophora stylata,NZAC04193205,wing,B3
NZAC04193635_Urophora_stylata_wing_dorsal_left.jpg,New Zealand,Urophora,stylata,Urophora stylata,NZAC04193635,wing,B3
NZAC04193774_Urophora_stylata_wing_dorsal_left.jpg,New Zealand,Urophora,stylata,Urophora stylata,NZAC04193774,wing,B3
NZAC04193917_Urophora_cardui_wing_dorsal_left.jpg,New Zealand,Urophora,cardui,Urophora cardui,NZAC04193917,wing,B3
NZAC04194049_Urophora_solstitialis_wing_dorsal_left.jpg,New Zealand,Urophora,solstitialis,Urophora solstitialis,NZAC04194049,wing,B3
NZAC04194300_Urophora_stylata_wing_dorsal_left.jpg,New Zealand,Urophora,stylata,Urophora stylata,NZAC04194300,wing,B3
NZAC04194352_Urophora_stylata_wing_dorsal_left.jpg,New Zealand,Urophora,stylata,Urophora stylata,NZAC04194352,wing,B3
NZAC04194529_Urophora_cardui_wing_dorsal_right.jpg,New Zealand,Urophora,cardui,Urophora cardui,NZAC04194529,wing,B3
NZAC04194849_Urophora_stylata_wing_dorsal_left.jpg,New Zealand,Urophora,stylata,Urophora stylata,NZAC04194849,wing,B3
NZAC04195220_Urophora_cardui_wing_dorsal_right.jpg,New Zealand,Urophora,cardui,Urophora cardui,NZAC04195220,wing,B3
NZAC04195290_Urophora_cardui_wing_dorsal_right.jpg,New Zealand,Urophora,cardui,Urophora cardui,NZAC04195290,wing,B3
NZAC04195461_Urophora_cardui_wing_dorsal_left.jpg,New Zealand,Urophora,cardui,Urophora cardui,NZAC04195461,wing,B3
NZAC04195536_Urophora_solstitialis_wing_dorsal_left.jpg,New Zealand,Urophora,solstitialis,Urophora solstitialis,NZAC04195536,wing,B3
NZAC04195562_Urophora_solstitialis_wing_dorsal_left.jpg,New Zealand,Urophora,solstitialis,Urophora solstitialis,NZAC04195562,wing,B3
NZAC04195632_Urophora_stylata_wing_dorsal_left.jpg,New Zealand,Urophora,stylata,Urophora stylata,NZAC04195632,wing,B3
NZAC04196133_Urophora_solstitialis_wing_dorsal_left.jpg,New Zealand,Urophora,solstitialis,Urophora solstitialis,NZAC04196133,wing,B3
NZAC04196215_Urophora_stylata_wing_dorsal_left.jpg,New Zealand,Urophora,stylata,Urophora stylata,NZAC04196215,wing,B3
NZAC04196297_Urophora_cardui_wing_dorsal_left.jpg,New Zealand,Urophora,cardui,Urophora cardui,NZAC04196297,wing,B3
NZAC04196499_Urophora_cardui_wing_dorsal_left.jpg,New Zealand,Urophora,cardui,Urophora cardui,NZAC04196499,wing,B3
NZAC04200253_Procecidochares_alani_wing.jpg,New Zealand,Procecidochares,alani,Procecidochares alani,NZAC04200253,wing,B3
NZAC04200383_Procecidochares_alani_wing.jpg,New Zealand,Procecidochares,alani,Procecidochares alani,NZAC04200383,wing,B3
NZAC04200394_Procecidochares_alani_wing.jpg,New Zealand,Procecidochares,alani,Procecidochares alani,NZAC04200394,wing,B3
NZAC04200459_Procecidochares_alani_wing.jpg,New Zealand,Procecidochares,alani,Procecidochares alani,NZAC04200459,wing,B3
NZAC04200469_Procecidochares_alani_wing.jpg,New Zealand,Procecidochares,alani,Procecidochares alani,NZAC04200469,wing,B3
NZAC04200903_Procecidochares_alani_wing.jpg,New Zealand,Procecidochares,alani,Procecidochares alani,NZAC04200903,wing,B3
NZAC04200942_Procecidochares_alani_wing.jpg,New Zealand,Procecidochares,alani,Procecidochares alani,NZAC04200942,wing,B3
NZAC04200963_Procecidochares_alani_wing.jpg,New Zealand,Procecidochares,alani,Procecidochares alani,NZAC04200963,wing,B3
NZAC04201029_Procecidochares_alani_wing.jpg,New Zealand,Procecidochares,alani,Procecidochares alani,NZAC04201029,wing,B3
NZAC04201088_Procecidochares_alani_wing.jpg,New Zealand,Procecidochares,alani,Procecidochares alani,NZAC04201088,wing,B3
NZAC04231848_Trupanea_extensa_wing.jpg,New Zealand,Trupanea,extensa,Trupanea extensa,NZAC04231848,wing,B3
NZAC04231851_Trupanea_extensa_wing.jpg,New Zealand,Trupanea,extensa,Trupanea extensa,NZAC04231851,wing,B3
NZAC04231852_Trupanea_extensa_wing.jpg,New Zealand,Trupanea,extensa,Trupanea extensa,NZAC04231852,wing,B3
NZAC04231853_Trupanea_alboapicata_wing.jpg,New Zealand,Trupanea,alboapicata,Trupanea alboapicata,NZAC04231853,wing,B3
NZAC04231855_Trupanea_extensa_wing.jpg,New Zealand,Trupanea,extensa,Trupanea extensa,NZAC04231855,wing,B3
NZAC04231968_Austrotephritis_cassiniae_wing_dorsal_left.jpg,New Zealand,Austrotephritis,cassiniae,Austrotephritis cassiniae,NZAC04231968,wing,B3
NZAC04231969_Austrotephritis_cassiniae_wing_dorsal_left.jpg,New Zealand,Austrotephritis,cassiniae,Austrotephritis cassiniae,NZAC04231969,wing,B3
NZAC04231970_Austrotephritis_cassiniae_wing_dorsal_left.jpg,New Zealand,Austrotephritis,cassiniae,Austrotephritis cassiniae,NZAC04231970,wing,B3
NZAC04231971_Austrotephritis_thoracica_wing_dorsal_right.jpg,New Zealand,Austrotephritis,thoracica,Austrotephritis thoracica,NZAC04231971,wing,B3
NZAC04231972_Austrotephritis_cassiniae_wing_ventral_rightt.jpg,New Zealand,Austrotephritis,cassiniae,Austrotephritis cassiniae,NZAC04231972,wing,B3
NZAC04231973_Austrotephritis_thoracica_wing_dorsal_left.jpg,New Zealand,Austrotephritis,thoracica,Austrotephritis thoracica,NZAC04231973,wing,B3
NZAC04231974_Austrotephritis_thoracica_wing_dorsal_left.jpg,New Zealand,Austrotephritis,thoracica,Austrotephritis thoracica,NZAC04231974,wing,B3
NZAC04231975_Austrotephritis_marginata_wing_dorsal_right.jpg,New Zealand,Austrotephritis,marginata,Austrotephritis marginata,NZAC04231975,wing,B3
NZAC04231976_Austrotephritis_thoracica_wing_dorsal_left.jpg,New Zealand,Austrotephritis,thoracica,Austrotephritis thoracica,NZAC04231976,wing,B3
NZAC04231978_Austrotephritis_marginata_wing_dorsal_left.jpg,New Zealand,Austrotephritis,marginata,Austrotephritis marginata,NZAC04231978,wing,B3
NZAC04231979_Austrotephritis_marginata_wing_dorsal_left.jpg,New Zealand,Austrotephritis,marginata,Austrotephritis marginata,NZAC04231979,wing,B3
NZAC04231980_Austrotephritis_marginata_wing_dorsal_right.jpg,New Zealand,Austrotephritis,marginata,Austrotephritis marginata,NZAC04231980,wing,B3
NZAC04231981_Austrotephritis_cassiniae_wing_dorsal_right.jpg,New Zealand,Austrotephritis,cassiniae,Austrotephritis cassiniae,NZAC04231981,wing,B3
NZAC04231982_Austrotephritis_marginata_wing_dorsal_right.jpg,New Zealand,Austrotephritis,marginata,Austrotephritis marginata,NZAC04231982,wing,B3
NZAC04231983_Austrotephritis_marginata_wing_dorsal_left.jpg,New Zealand,Austrotephritis,marginata,Austrotephritis marginata,NZAC04231983,wing,B3
NZAC04231984_Austrotephritis_cassiniae_wing_dorsal_rightt.jpg,New Zealand,Austrotephritis,cassiniae,Austrotephritis cassiniae,NZAC04231984,wing,B3
NZAC04231985_Austrotephritis_cassiniae_wing_dorsal_left.jpg,New Zealand,Austrotephritis,cassiniae,Austrotephritis cassiniae,NZAC04231985,wing,B3
NZAC04231986_Austrotephritis_thoracica_wing_dorsal_right.jpg,New Zealand,Austrotephritis,thoracica,Austrotephritis thoracica,NZAC04231986,wing,B3
NZAC04231987_Austrotephritis_cassiniae_wing_dorsal_right.jpg,New Zealand,Austrotephritis,cassiniae,Austrotephritis cassiniae,NZAC04231987,wing,B3
NZAC04231988_Austrotephritis_marginata_wing_dorsal_left.jpg,New Zealand,Austrotephritis,marginata,Austrotephritis marginata,NZAC04231988,wing,B3
NZAC04231990_Austrotephritis_thoracica_wing_dorsal_left.jpg,New Zealand,Austrotephritis,thoracica,Austrotephritis thoracica,NZAC04231990,wing,B3
NZAC04231991_Austrotephritis_marginata_wing_dorsal_right.jpg,New Zealand,Austrotephritis,marginata,Austrotephritis marginata,NZAC04231991,wing,B3
NZAC04231992_Austrotephritis_cassiniae_wing_dorsal_left.jpg,New Zealand,Austrotephritis,cassiniae,Austrotephritis cassiniae,NZAC04231992,wing,B3
NZAC04231993_Austrotephritis_cassiniae_wing_dorsal_left.jpg,New Zealand,Austrotephritis,cassiniae,Austrotephritis cassiniae,NZAC04231993,wing,B3
NZAC04231996_Austrotephritis_thoracica_wing_dorsal_left.jpg,New Zealand,Austrotephritis,thoracica,Austrotephritis thoracica,NZAC04231996,wing,B3
NZAC04231997_Austrotephritis_thoracica_wing_dorsal_left.jpg,New Zealand,Austrotephritis,thoracica,Austrotephritis thoracica,NZAC04231997,wing,B3
NZAC04231998_Trupanea_fenwicki_wing.jpg,New Zealand,Trupanea,fenwicki,Trupanea fenwicki,NZAC04231998,wing,B3
NZAC04231999_Trupanea_centralis_wing.jpg,New Zealand,Trupanea,centralis,Trupanea centralis,NZAC04231999,wing,B3
NZAC04232001_Trupanea_longipennis_wing.jpg,New Zealand,Trupanea,longipennis,Trupanea longipennis,NZAC04232001,wing,B3
NZAC04232002_Trupanea_fenwicki_wing.jpg,New Zealand,Trupanea,fenwicki,Trupanea fenwicki,NZAC04232002,wing,B3
NZAC04232004_Trupanea_fenwicki_wing.jpg,New Zealand,Trupanea,fenwicki,Trupanea fenwicki,NZAC04232004,wing,B3
NZAC04232005_Trupanea_fenwicki_wing.jpg,New Zealand,Trupanea,fenwicki,Trupanea fenwicki,NZAC04232005,wing,B3
NZAC04232008_Trupanea_centralis_wing.jpg,New Zealand,Trupanea,centralis,Trupanea centralis,NZAC04232008,wing,B3
NZAC04232009_Trupanea_fenwicki_wing.jpg,New Zealand,Trupanea,fenwicki,Trupanea fenwicki,NZAC04232009,wing,B3
NZAC04232010_Trupanea_fenwicki_wing.jpg,New Zealand,Trupanea,fenwicki,Trupanea fenwicki,NZAC04232010,wing,B3
NZAC04232011_Trupanea_fenwicki_wing.jpg,New Zealand,Trupanea,fenwicki,Trupanea fenwicki,NZAC04232011,wing,B3
NZAC04232012_Trupanea_centralis_wing.jpg,New Zealand,Trupanea,centralis,Trupanea centralis,NZAC04232012,wing,B3
NZAC04232013_Trupanea_fenwicki_wing.jpg,New Zealand,Trupanea,fenwicki,Trupanea fenwicki,NZAC04232013,wing,B3
NZAC04232014_Trupanea_centralis_wing.jpg,New Zealand,Trupanea,centralis,Trupanea centralis,NZAC04232014,wing,B3
NZAC04232015_Trupanea_centralis_wing.jpg,New Zealand,Trupanea,centralis,Trupanea centralis,NZAC04232015,wing,B3
NZAC04232016_Trupanea_centralis_wing.jpg,New Zealand,Trupanea,centralis,Trupanea centralis,NZAC04232016,wing,B3
NZAC04232017_Trupanea_fenwicki_wing.jpg,New Zealand,Trupanea,fenwicki,Trupanea fenwicki,NZAC04232017,wing,B3
NZAC04232018_Trupanea_fenwicki_wing.jpg,New Zealand,Trupanea,fenwicki,Trupanea fenwicki,NZAC04232018,wing,B3
NZAC04232019_Trupanea_centralis_wing.jpg,New Zealand,Trupanea,centralis,Trupanea centralis,NZAC04232019,wing,B3
NZAC04232020_Trupanea_centralis_wing.jpg,New Zealand,Trupanea,centralis,Trupanea centralis,NZAC04232020,wing,B3
NZAC04232021_Trupanea_fenwicki_wing.jpg,New Zealand,Trupanea,fenwicki,Trupanea fenwicki,NZAC04232021,wing,B3
NZAC04232025_Trupanea_fenwicki_wing.jpg,New Zealand,Trupanea,fenwicki,Trupanea fenwicki,NZAC04232025,wing,B3
NZAC04232026_Trupanea_centralis_wing.jpg,New Zealand,Trupanea,centralis,Trupanea centralis,NZAC04232026,wing,B3
NZAC04232027_Trupanea_fenwicki_wing.jpg,New Zealand,Trupanea,fenwicki,Trupanea fenwicki,NZAC04232027,wing,B3
NZAC04232268_Sphenella_fascigera__wing_dorsal_right.jpg,New Zealand,Sphenella,fascigera,Sphenella fascigera,NZAC04232268,wing,B3
NZAC04232269_Procecidochares_utilis_wing_dorsal_left.jpg,New Zealand,Procecidochares,utilis,Procecidochares utilis,NZAC04232269,wing,B3
NZAC04232270_Austrotephritis_plebeia_wing_dorsal_left.jpg,New Zealand,Austrotephritis,plebeia,Austrotephritis plebeia,NZAC04232270,wing,B3
NZAC04232271_Procecidochares_utilis_wing_dorsal_right.jpg,New Zealand,Procecidochares,utilis,Procecidochares utilis,NZAC04232271,wing,B3
NZAC04232272_Sphenella_fascigera__wing_dorsal_left.jpg,New Zealand,Sphenella,fascigera,Sphenella fascigera,NZAC04232272,wing,B3
NZAC04232273_Procecidochares_utilis_wing_dorsal_left.jpg,New Zealand,Procecidochares,utilis,Procecidochares utilis,NZAC04232273,wing,B3
NZAC04232274_Procecidochares_utilis_wing_dorsal_right.jpg,New Zealand,Procecidochares,utilis,Procecidochares utilis,NZAC04232274,wing,B3
NZAC04232275_Sphenella_fascigera__wing_dorsal_left.jpg,New Zealand,Sphenella,fascigera,Sphenella fascigera,NZAC04232275,wing,B3
NZAC04232276_Sphenella_fascigera__wing_dorsal_left.jpg,New Zealand,Sphenella,fascigera,Sphenella fascigera,NZAC04232276,wing,B3
NZAC04232277_Procecidochares_utilis_wing_dorsal_left.jpg,New Zealand,Procecidochares,utilis,Procecidochares utilis,NZAC04232277,wing,B3
NZAC04232278_Sphenella_fascigera__wing_dorsal_right.jpg,New Zealand,Sphenella,fascigera,Sphenella fascigera,NZAC04232278,wing,B3
NZAC04232279_Sphenella_fascigera_wing_dorsal_left.jpg,New Zealand,Sphenella,fascigera,Sphenella fascigera,NZAC04232279,wing,B3
NZAC04232280_Austrotephritis_plebeia_wing_dorsal_right.jpg,New Zealand,Austrotephritis,plebeia,Austrotephritis plebeia,NZAC04232280,wing,B3
NZAC04232281_Procecidochares_utilis_wing_dorsal_right.jpg,New Zealand,Procecidochares,utilis,Procecidochares utilis,NZAC04232281,wing,B3
NZAC04232282_Austrotephritis_plebeia_wing_dorsal_left.jpg,New Zealand,Austrotephritis,plebeia,Austrotephritis plebeia,NZAC04232282,wing,B3
NZAC04232283_Sphenella_fascigera_wing_dorsal_left.jpg,New Zealand,Sphenella,fascigera,Sphenella fascigera,NZAC04232283,wing,B3
NZAC04232284_Austrotephritis_plebeia_wing_dorsal_left.jpg,New Zealand,Austrotephritis,plebeia,Austrotephritis plebeia,NZAC04232284,wing,B3
NZAC04232285_Austrotephritis_plebeia_wing_dorsal_left.jpg,New Zealand,Austrotephritis,plebeia,Austrotephritis plebeia,NZAC04232285,wing,B3
NZAC04232286_Austrotephritis_plebeia_wing_dorsal_left.jpg,New Zealand,Austrotephritis,plebeia,Austrotephritis plebeia,NZAC04232286,wing,B3
NZAC04232287_Austrotephritis_plebeia_wing_ventral_right.jpg,New Zealand,Austrotephritis,plebeia,Austrotephritis plebeia,NZAC04232287,wing,B3
NZAC04232288_Austrotephritis_plebeia_wing_dorsal_left.jpg,New Zealand,Austrotephritis,plebeia,Austrotephritis plebeia,NZAC04232288,wing,B3
NZAC04232289_Procecidochares_utilis_wing_dorsal_left.jpg,New Zealand,Procecidochares,utilis,Procecidochares utilis,NZAC04232289,wing,B3
NZAC04232291_Sphenella_fascigera__wing_dorsal_left.jpg,New Zealand,Sphenella,fascigera,Sphenella fascigera,NZAC04232291,wing,B3
NZAC04232292_Austrotephritis_plebeia_wing_dorsal_left.jpg,New Zealand,Austrotephritis,plebeia,Austrotephritis plebeia,NZAC04232292,wing,B3
NZAC04232293_Procecidochares_utilis_wing_dorsal_right.jpg,New Zealand,Procecidochares,utilis,Procecidochares utilis,NZAC04232293,wing,B3
NZAC04232294_Sphenella_fascigera__wing_dorsal_left.jpg,New Zealand,Sphenella,fascigera,Sphenella fascigera,NZAC04232294,wing,B3
NZAC04232295_Austrotephritis_plebeia_wing_dorsal_left.jpg,New Zealand,Austrotephritis,plebeia,Austrotephritis plebeia,NZAC04232295,wing,B3
NZAC04232296_Procecidochares_utilis_wing_dorsal_left.jpg,New Zealand,Procecidochares,utilis,Procecidochares utilis,NZAC04232296,wing,B3
NZAC04232297_Sphenella_fascigera_wing_dorsal_left.jpg,New Zealand,Sphenella,fascigera,Sphenella fascigera,NZAC04232297,wing,B3
NZAC04232298_Trupanea_longipennis_wing.jpg,New Zealand,Trupanea,longipennis,Trupanea longipennis,NZAC04232298,wing,B3
NZAC04232299_Trupanea_longipennis_wing.jpg,New Zealand,Trupanea,longipennis,Trupanea longipennis,NZAC04232299,wing,B3
NZAC04232300_Trupanea_longipennis_wing.jpg,New Zealand,Trupanea,longipennis,Trupanea longipennis,NZAC04232300,wing,B3
NZAC04232302_Trupanea_longipennis_wing.jpg,New Zealand,Trupanea,longipennis,Trupanea longipennis,NZAC04232302,wing,B3
NZAC04253899_Bactrocera tryoni_wing.jpg,Overseas,Bactrocera,tryoni,Bactrocera tryoni,NZAC04253899,wing,B3
NZAC04253901_Bactrocera umbrosus_wing.jpg,Overseas,Bactrocera,umbrosus,Bactrocera umbrosus,NZAC04253901,wing,B3
NZAC04253902_Bactrocera umbrosus_wing.jpg,Overseas,Bactrocera,umbrosus,Bactrocera umbrosus,NZAC04253902,wing,B3
NZAC04253903_Bactrocera umbrosus_wing.jpg,Overseas,Bactrocera,umbrosus,Bactrocera umbrosus,NZAC04253903,wing,B3
NZAC04253904_Bactrocera umbrosus_wing.jpg,Overseas,Bactrocera,umbrosus,Bactrocera umbrosus,NZAC04253904,wing,B3
NZAC04253905_Bactrocera umbrosus_wing.jpg,Overseas,Bactrocera,umbrosus,Bactrocera umbrosus,NZAC04253905,wing,B3
NZAC04253906_Ceratitis rosa _wing.jpg,Overseas,Ceratitis,rosa,Ceratitis rosa,NZAC04253906,wing,B3
NZAC04253907_Ceratitis rosa _wing.jpg,Overseas,Ceratitis,rosa,Ceratitis rosa,NZAC04253907,wing,B3
NZAC04253908_Ceratitis rosa _wing.jpg,Overseas,Ceratitis,rosa,Ceratitis rosa,NZAC04253908,wing,B3
NZAC04254419_Bactrocera curcubitae_wing.jpg,Overseas,Bactrocera,curcubitae,Bactrocera curcubitae,NZAC04254419,wing,B3
NZAC04254420_Bactrocera curcubitae_wing.jpg,Overseas,Bactrocera,curcubitae,Bactrocera curcubitae,NZAC04254420,wing,B3
NZAC04254421_Bactrocera curcubitae_wing.jpg,Overseas,Bactrocera,curcubitae,Bactrocera curcubitae,NZAC04254421,wing,B3
NZAC04254422_Bactrocera curcubitae_wing.jpg,Overseas,Bactrocera,curcubitae,Bactrocera curcubitae,NZAC04254422,wing,B3
NZAC04254423_Bactrocera curcubitae_wing.jpg,Overseas,Bactrocera,curcubitae,Bactrocera curcubitae,NZAC04254423,wing,B3
NZAC04254424_Bactrocera curcubitae_wing.jpg,Overseas,Bactrocera,curcubitae,Bactrocera curcubitae,NZAC04254424,wing,B3
NZAC04254425_Bactrocera curcubitae_wing.jpg,Overseas,Bactrocera,curcubitae,Bactrocera curcubitae,NZAC04254425,wing,B3
NZAC04254426_Bactrocera curcubitae_wing.jpg,Overseas,Bactrocera,curcubitae,Bactrocera curcubitae,NZAC04254426,wing,B3
NZAC04254427_Bactrocera curcubitae_wing.jpg,Overseas,Bactrocera,curcubitae,Bactrocera curcubitae,NZAC04254427,wing,B3
NZAC04254428_Bactrocera curcubitae_wing.jpg,Overseas,Bactrocera,curcubitae,Bactrocera curcubitae,NZAC04254428,wing,B3
NZAC04254429_Bactrocera curcubitae_wing.jpg,Overseas,Bactrocera,curcubitae,Bactrocera curcubitae,NZAC04254429,wing,B3
NZAC04254430_Dacus dorsalis_wing.jpg,Overseas,Dacus,dorsalis,Dacus dorsalis,NZAC04254430,wing,B3
NZAC04254431_Dacus dorsalis_wing.jpg,Overseas,Dacus,dorsalis,Dacus dorsalis,NZAC04254431,wing,B3
NZAC04254432_Dacus dorsalis_wing.jpg,Overseas,Dacus,dorsalis,Dacus dorsalis,NZAC04254432,wing,B3
NZAC04254433_Dacus dorsalis_wing.jpg,Overseas,Dacus,dorsalis,Dacus dorsalis,NZAC04254433,wing,B3
NZAC04254434_Dacus dorsalis_wing.jpg,Overseas,Dacus,dorsalis,Dacus dorsalis,NZAC04254434,wing,B3
NZAC04254435_Dacus dorsalis_wing.jpg,Overseas,Dacus,dorsalis,Dacus dorsalis,NZAC04254435,wing,B3
NZAC04254436_Dacus dorsalis_wing.jpg,Overseas,Dacus,dorsalis,Dacus dorsalis,NZAC04254436,wing,B3
NZAC04254438_Dacus dorsalis_wing.jpg,Overseas,Dacus,dorsalis,Dacus dorsalis,NZAC04254438,wing,B3
NZAC04254439_Dacus dorsalis_wing.jpg,Overseas,Dacus,dorsalis,Dacus dorsalis,NZAC04254439,wing,B3
NZAC04254440_Dacus distinctus_wing.jpg,Overseas,Dacus,distinctus,Dacus distinctus,NZAC04254440,wing,B3
NZAC04254441_Dacus distinctus_wing.jpg,Overseas,Dacus,distinctus,Dacus distinctus,NZAC04254441,wing,B3
NZAC04254442_Dacus distinctus_wing.jpg,Overseas,Dacus,distinctus,Dacus distinctus,NZAC04254442,wing,B3
NZAC04254443_Dacus distinctus_wing.jpg,Overseas,Dacus,distinctus,Dacus distinctus,NZAC04254443,wing,B3
NZAC04254444_Dacus distinctus_wing.jpg,Overseas,Dacus,distinctus,Dacus distinctus,NZAC04254444,wing,B3
NZAC04254445_Dacus distinctus_wing.jpg,Overseas,Dacus,distinctus,Dacus distinctus,NZAC04254445,wing,B3
NZAC04254446_Dacus distinctus_wing.jpg,Overseas,Dacus,distinctus,Dacus distinctus,NZAC04254446,wing,B3
NZAC04254447_Dacus distinctus_wing.jpg,Overseas,Dacus,distinctus,Dacus distinctus,NZAC04254447,wing,B3
NZAC04254448_Dacus distinctus_wing.jpg,Overseas,Dacus,distinctus,Dacus distinctus,NZAC04254448,wing,B3
NZAC04254449_Dacus distinctus_wing.jpg,Overseas,Dacus,distinctus,Dacus distinctus,NZAC04254449,wing,B3
NZAC04254450_Bactrocera passiflorae_wing.jpg,Overseas,Bactrocera,passiflorae,Bactrocera passiflorae,NZAC04254450,wing,B3
NZAC04254451_Bactrocera passiflorae_wing.jpg,Overseas,Bactrocera,passiflorae,Bactrocera passiflorae,NZAC04254451,wing,B3
NZAC04254452_Bactrocera passiflorae_wing.jpg,Overseas,Bactrocera,passiflorae,Bactrocera passiflorae,NZAC04254452,wing,B3
NZAC04254453_Bactrocera passiflorae_wing.jpg,Overseas,Bactrocera,passiflorae,Bactrocera passiflorae,NZAC04254453,wing,B3
NZAC04254454_Bactrocera passiflorae_wing.jpg,Overseas,Bactrocera,passiflorae,Bactrocera passiflorae,NZAC04254454,wing,B3
NZAC04254455_Bactrocera passiflorae_wing.jpg,Overseas,Bactrocera,passiflorae,Bactrocera passiflorae,NZAC04254455,wing,B3
NZAC04254456_Bactrocera passiflorae_wing.jpg,Overseas,Bactrocera,passiflorae,Bactrocera passiflorae,NZAC04254456,wing,B3
NZAC04254457_Bactrocera passiflorae_wing.jpg,Overseas,Bactrocera,passiflorae,Bactrocera passiflorae,NZAC04254457,wing,B3
NZAC04254458_Bactrocera passiflorae_wing.jpg,Overseas,Bactrocera,passiflorae,Bactrocera passiflorae,NZAC04254458,wing,B3
NZAC04254459_Bactrocera passiflorae_wing.jpg,Overseas,Bactrocera,passiflorae,Bactrocera passiflorae,NZAC04254459,wing,B3
NZAC04254461_Bactrocera xanthodes_wing.jpg,Overseas,Bactrocera,xanthodes,Bactrocera xanthodes,NZAC04254461,wing,B3
NZAC04254462_Bactrocera xanthodes_wing.jpg,Overseas,Bactrocera,xanthodes,Bactrocera xanthodes,NZAC04254462,wing,B3
NZAC04254463_Bactrocera xanthodes_wing.jpg,Overseas,Bactrocera,xanthodes,Bactrocera xanthodes,NZAC04254463,wing,B3
NZAC04254464_Bactrocera xanthodes_wing.jpg,Overseas,Bactrocera,xanthodes,Bactrocera xanthodes,NZAC04254464,wing,B3
NZAC04254465_Bactrocera xanthodes_wing.jpg,Overseas,Bactrocera,xanthodes,Bactrocera xanthodes,NZAC04254465,wing,B3
NZAC04254466_Bactrocera xanthodes_wing.jpg,Overseas,Bactrocera,xanthodes,Bactrocera xanthodes,NZAC04254466,wing,B3
NZAC04254467_Bactrocera xanthodes_wing.jpg,Overseas,Bactrocera,xanthodes,Bactrocera xanthodes,NZAC04254467,wing,B3
NZAC04254468_Bactrocera xanthodes_wing.jpg,Overseas,Bactrocera,xanthodes,Bactrocera xanthodes,NZAC04254468,wing,B3
NZAC04254469_Bactrocera xanthodes_wing.jpg,Overseas,Bactrocera,xanthodes,Bactrocera xanthodes,NZAC04254469,wing,B3
NZAC04254470_Bactrocera xanthodes_wing.jpg,Overseas,Bactrocera,xanthodes,Bactrocera xanthodes,NZAC04254470,wing,B3
NZAC04254471_Bactrocera kirki_wing.jpg,Overseas,Bactrocera,kirki,Bactrocera kirki,NZAC04254471,wing,B3
NZAC04254472_Bactrocera kirki_wing.jpg,Overseas,Bactrocera,kirki,Bactrocera kirki,NZAC04254472,wing,B3
NZAC04254473_Bactrocera kirki_wing.jpg,Overseas,Bactrocera,kirki,Bactrocera kirki,NZAC04254473,wing,B3
NZAC04254474_Bactrocera kirki_wing.jpg,Overseas,Bactrocera,kirki,Bactrocera kirki,NZAC04254474,wing,B3
NZAC04254482_Dacus melanotus_wing.jpg,Overseas,Dacus,melanotus,Dacus melanotus,NZAC04254482,wing,B3
NZAC04254483_Dacus melanotus_wing.jpg,Overseas,Dacus,melanotus,Dacus melanotus,NZAC04254483,wing,B3
NZAC04254484_Dacus melanotus_wing.jpg,Overseas,Dacus,melanotus,Dacus melanotus,NZAC04254484,wing,B3
NZAC04254485_Dacus melanotus_wing.jpg,Overseas,Dacus,melanotus,Dacus melanotus,NZAC04254485,wing,B3
NZAC04254486_Dacus melanotus_wing.jpg,Overseas,Dacus,melanotus,Dacus melanotus,NZAC04254486,wing,B3
NZAC04254487_Dacus melanotus_wing.jpg,Overseas,Dacus,melanotus,Dacus melanotus,NZAC04254487,wing,B3
NZAC04254488_Dacus melanotus_wing.jpg,Overseas,Dacus,melanotus,Dacus melanotus,NZAC04254488,wing,B3
NZAC04254489_Dacus melanotus_wing.jpg,Overseas,Dacus,melanotus,Dacus melanotus,NZAC04254489,wing,B3
NZAC04254490_Dacus melanotus_wing.jpg,Overseas,Dacus,melanotus,Dacus melanotus,NZAC04254490,wing,B3
NZAC04254491_Bactrocera facialis_wing.jpg,Overseas,Bactrocera,facialis,Bactrocera facialis,NZAC04254491,wing,B3
NZAC04254492_Bactrocera facialis_wing.jpg,Overseas,Bactrocera,facialis,Bactrocera facialis,NZAC04254492,wing,B3
NZAC04254493_Bactrocera facialis_wing.jpg,Overseas,Bactrocera,facialis,Bactrocera facialis,NZAC04254493,wing,B3
NZAC04254494_Bactrocera facialis_wing.jpg,Overseas,Bactrocera,facialis,Bactrocera facialis,NZAC04254494,wing,B3
NZAC04254495_Bactrocera facialis_wing.jpg,Overseas,Bactrocera,facialis,Bactrocera facialis,NZAC04254495,wing,B3
NZAC04254496_Bactrocera facialis_wing.jpg,Overseas,Bactrocera,facialis,Bactrocera facialis,NZAC04254496,wing,B3
NZAC04254497_Bactrocera facialis_wing.jpg,Overseas,Bactrocera,facialis,Bactrocera facialis,NZAC04254497,wing,B3
NZAC04254498_Bactrocera facialis_wing.jpg,Overseas,Bactrocera,facialis,Bactrocera facialis,NZAC04254498,wing,B3
NZAC04254499_Bactrocera facialis_wing.jpg,Overseas,Bactrocera,facialis,Bactrocera facialis,NZAC04254499,wing,B3
NZAC04254501_Bactrocera frauenfeldi_wing.jpg,Overseas,Bactrocera,frauenfeldi,Bactrocera frauenfeldi,NZAC04254501,wing,B3
NZAC04254502_Bactrocera frauenfeldi_wing.jpg,Overseas,Bactrocera,frauenfeldi,Bactrocera frauenfeldi,NZAC04254502,wing,B3
NZAC04254503_Bactrocera frauenfeldi_wing.jpg,Overseas,Bactrocera,frauenfeldi,Bactrocera frauenfeldi,NZAC04254503,wing,B3
NZAC04254504_Bactrocera frauenfeldi_wing.jpg,Overseas,Bactrocera,frauenfeldi,Bactrocera frauenfeldi,NZAC04254504,wing,B3
NZAC04254505_Bactrocera frauenfeldi_wing.jpg,Overseas,Bactrocera,frauenfeldi,Bactrocera frauenfeldi,NZAC04254505,wing,B3
NZAC04254506_Bactrocera psidii_wing.jpg,Overseas,Bactrocera,psidii,Bactrocera psidii,NZAC04254506,wing,B3
NZAC04254507_Bactrocera psidii_wing.jpg,Overseas,Bactrocera,psidii,Bactrocera psidii,NZAC04254507,wing,B3
NZAC04254508_Bactrocera psidii_wing.jpg,Overseas,Bactrocera,psidii,Bactrocera psidii,NZAC04254508,wing,B3
NZAC04254509_Bactrocera psidii_wing.jpg,Overseas,Bactrocera,psidii,Bactrocera psidii,NZAC04254509,wing,B3
NZAC04254512_Ceratitis capitata_wing.jpg,Overseas,Ceratitis,capitata,Ceratitis capitata,NZAC04254512,wing,B3
NZAC04254513_Ceratitis capitata_wing.jpg,Overseas,Ceratitis,capitata,Ceratitis capitata,NZAC04254513,wing,B3
NZAC04254514_Ceratitis capitata_wing.jpg,Overseas,Ceratitis,capitata,Ceratitis capitata,NZAC04254514,wing,B3
NZAC04254515_Ceratitis capitata_wing.jpg,Overseas,Ceratitis,capitata,Ceratitis capitata,NZAC04254515,wing,B3
NZAC04254516_Ceratitis capitata_wing.jpg,Overseas,Ceratitis,capitata,Ceratitis capitata,NZAC04254516,wing,B3
NZAC04254517_Ceratitis capitata_wing.jpg,Overseas,Ceratitis,capitata,Ceratitis capitata,NZAC04254517,wing,B3
NZAC04254518_Ceratitis capitata_wing.jpg,Overseas,Ceratitis,capitata,Ceratitis capitata,NZAC04254518,wing,B3
NZAC04254519_Ceratitis capitata_wing.jpg,Overseas,Ceratitis,capitata,Ceratitis capitata,NZAC04254519,wing,B3
NZAC04254520_Ceratitis capitata_wing.jpg,Overseas,Ceratitis,capitata,Ceratitis capitata,NZAC04254520,wing,B3
NZAC04254521_Ceratitis capitata_wing.jpg,Overseas,Ceratitis,capitata,Ceratitis capitata,NZAC04254521,wing,B3
NZAC04254522_Bactrocera tryoni_wing.jpg,Overseas,Bactrocera,tryoni,Bactrocera tryoni,NZAC04254522,wing,B3
NZAC04254523_Bactrocera tryoni_wing.jpg,Overseas,Bactrocera,tryoni,Bactrocera tryoni,NZAC04254523,wing,B3
NZAC04254524_Bactrocera tryoni_wing.jpg,Overseas,Bactrocera,tryoni,Bactrocera tryoni,NZAC04254524,wing,B3
NZAC04254525_Bactrocera tryoni_wing.jpg,Overseas,Bactrocera,tryoni,Bactrocera tryoni,NZAC04254525,wing,B3
NZAC04254526_Bactrocera tryoni_wing.jpg,Overseas,Bactrocera,tryoni,Bactrocera tryoni,NZAC04254526,wing,B3
